<?xml version="1.0" encoding="UTF-8"?>
<export version="D">
  <design>
    <source>C:\Users\priya\OneDrive\Desktop\Sayali Research\Prototype Design\G3 board design\G3_MCU_LoRa\G3_MCU_LoRa\ST M32L051K8T7_LoRa.sch</source>
    <date>11/9/2021 1:28:59 PM</date>
    <tool>Eeschema (5.1.10)-1</tool>
    <sheet number="1" name="/" tstamps="/">
      <title_block>
        <title/>
        <company/>
        <rev/>
        <date/>
        <source>ST M32L051K8T7_LoRa.sch</source>
        <comment number="1" value=""/>
        <comment number="2" value=""/>
        <comment number="3" value=""/>
        <comment number="4" value=""/>
      </title_block>
    </sheet>
  </design>
  <components>
    <comp ref="U1">
      <value>STM32L051K8Tx</value>
      <footprint>Package_QFP:LQFP-32_7x7mm_P0.8mm</footprint>
      <datasheet>http://www.st.com/st-web-ui/static/active/en/resource/technical/document/datasheet/DM00108219.pdf</datasheet>
      <libsource lib="MCU_ST_STM32L0" part="STM32L051K8Tx" description="ARM Cortex-M0+ MCU, 64KB flash, 8KB RAM, 32MHz, 1.65-3.6V, 25 GPIO, LQFP-32"/>
      <sheetpath names="/" tstamps="/"/>
      <tstamp>60A7F598</tstamp>
    </comp>
    <comp ref="C3">
      <value>100nF</value>
      <footprint>Capacitor_SMD:C_0603_1608Metric</footprint>
      <datasheet>~</datasheet>
      <libsource lib="Device" part="C" description="Unpolarized capacitor"/>
      <sheetpath names="/" tstamps="/"/>
      <tstamp>60AB4A48</tstamp>
    </comp>
    <comp ref="C4">
      <value>100nF</value>
      <footprint>Capacitor_SMD:C_0603_1608Metric</footprint>
      <datasheet>~</datasheet>
      <libsource lib="Device" part="C" description="Unpolarized capacitor"/>
      <sheetpath names="/" tstamps="/"/>
      <tstamp>60AB8B8C</tstamp>
    </comp>
    <comp ref="C5">
      <value>4.7uF</value>
      <footprint>Capacitor_SMD:C_0805_2012Metric</footprint>
      <datasheet>~</datasheet>
      <libsource lib="Device" part="CP" description="Polarized capacitor"/>
      <sheetpath names="/" tstamps="/"/>
      <tstamp>60AB9DD7</tstamp>
    </comp>
    <comp ref="C1">
      <value>100nF</value>
      <footprint>Capacitor_SMD:C_0603_1608Metric</footprint>
      <datasheet>~</datasheet>
      <libsource lib="Device" part="C" description="Unpolarized capacitor"/>
      <sheetpath names="/" tstamps="/"/>
      <tstamp>60AC8BFD</tstamp>
    </comp>
    <comp ref="R1">
      <value>10k</value>
      <footprint>Resistor_SMD:R_0603_1608Metric</footprint>
      <datasheet>~</datasheet>
      <libsource lib="Device" part="R" description="Resistor"/>
      <sheetpath names="/" tstamps="/"/>
      <tstamp>60B45DAE</tstamp>
    </comp>
    <comp ref="C7">
      <value>10u</value>
      <footprint>Capacitor_SMD:C_0603_1608Metric</footprint>
      <datasheet>~</datasheet>
      <libsource lib="Device" part="C" description="Unpolarized capacitor"/>
      <sheetpath names="/" tstamps="/"/>
      <tstamp>613F3E81</tstamp>
    </comp>
    <comp ref="R2">
      <value>100K</value>
      <footprint>Resistor_SMD:R_0603_1608Metric</footprint>
      <datasheet>~</datasheet>
      <libsource lib="Device" part="R" description="Resistor"/>
      <sheetpath names="/" tstamps="/"/>
      <tstamp>614DF755</tstamp>
    </comp>
    <comp ref="R3">
      <value>100K</value>
      <footprint>Resistor_SMD:R_0603_1608Metric</footprint>
      <datasheet>~</datasheet>
      <libsource lib="Device" part="R" description="Resistor"/>
      <sheetpath names="/" tstamps="/"/>
      <tstamp>614E04E3</tstamp>
    </comp>
    <comp ref="J4">
      <value>SWD/DEBUG_UART</value>
      <footprint>Connector_PinHeader_1.27mm:PinHeader_2x05_P1.27mm_Vertical_SMD</footprint>
      <datasheet>~</datasheet>
      <libsource lib="Connector_Generic" part="Conn_02x05_Odd_Even" description="Generic connector, double row, 02x05, odd/even pin numbering scheme (row 1 odd numbers, row 2 even numbers), script generated (kicad-library-utils/schlib/autogen/connector/)"/>
      <sheetpath names="/" tstamps="/"/>
      <tstamp>6151F753</tstamp>
    </comp>
    <comp ref="J1">
      <value>APCB_POWER</value>
      <footprint>Connector_JST:JST_PH_B3B-PH-SM4-TB_1x03-1MP_P2.00mm_Vertical</footprint>
      <datasheet>~</datasheet>
      <libsource lib="Connector" part="Conn_01x03_Male" description="Generic connector, single row, 01x03, script generated (kicad-library-utils/schlib/autogen/connector/)"/>
      <sheetpath names="/" tstamps="/"/>
      <tstamp>614141F4</tstamp>
    </comp>
    <comp ref="J3">
      <value>CONFIG</value>
      <footprint>Connector_PinHeader_2.54mm:PinHeader_1x04_P2.54mm_Vertical</footprint>
      <datasheet>~</datasheet>
      <libsource lib="Connector" part="Conn_01x04_Male" description="Generic connector, single row, 01x04, script generated (kicad-library-utils/schlib/autogen/connector/)"/>
      <sheetpath names="/" tstamps="/"/>
      <tstamp>614F5ED0</tstamp>
    </comp>
    <comp ref="U2">
      <value>RFM95W-915S2</value>
      <footprint>RF_Module:HOPERF_RFM9XW_SMD</footprint>
      <datasheet>https://www.hoperf.com/data/upload/portal/20181127/5bfcbea20e9ef.pdf</datasheet>
      <libsource lib="RF_Module" part="RFM95W-915S2" description="Low power long range transceiver module, SPI and parallel interface, 915 MHz, spreading factor 6 to12, bandwith 7.8 to 500kHz, -111 to -148 dBm, SMD-16, DIP-16"/>
      <sheetpath names="/" tstamps="/"/>
      <tstamp>6150F710</tstamp>
    </comp>
    <comp ref="J5">
      <value>SMU_ANT</value>
      <footprint>G3_MCU_LoRa:SMA_UFL_2.5mm_Edge_Mount</footprint>
      <datasheet>~</datasheet>
      <libsource lib="Connector" part="Conn_01x02_Male" description="Generic connector, single row, 01x02, script generated (kicad-library-utils/schlib/autogen/connector/)"/>
      <sheetpath names="/" tstamps="/"/>
      <tstamp>615A8B90</tstamp>
    </comp>
    <comp ref="J2">
      <value>APCB_POWER</value>
      <footprint>Connector_PinHeader_2.54mm:PinHeader_1x03_P2.54mm_Vertical</footprint>
      <datasheet>~</datasheet>
      <libsource lib="Connector" part="Conn_01x03_Male" description="Generic connector, single row, 01x03, script generated (kicad-library-utils/schlib/autogen/connector/)"/>
      <sheetpath names="/" tstamps="/"/>
      <tstamp>6148E00F</tstamp>
    </comp>
    <comp ref="C6">
      <value>1uF</value>
      <footprint>Capacitor_SMD:C_0603_1608Metric</footprint>
      <datasheet>~</datasheet>
      <libsource lib="Device" part="C" description="Unpolarized capacitor"/>
      <sheetpath names="/" tstamps="/"/>
      <tstamp>614CC351</tstamp>
    </comp>
    <comp ref="C2">
      <value>100n</value>
      <footprint>Capacitor_SMD:C_0603_1608Metric</footprint>
      <datasheet>~</datasheet>
      <libsource lib="Device" part="C" description="Unpolarized capacitor"/>
      <sheetpath names="/" tstamps="/"/>
      <tstamp>6173BA03</tstamp>
    </comp>
    <comp ref="C8">
      <value>100n</value>
      <footprint>Capacitor_SMD:C_0603_1608Metric</footprint>
      <datasheet>~</datasheet>
      <libsource lib="Device" part="C" description="Unpolarized capacitor"/>
      <sheetpath names="/" tstamps="/"/>
      <tstamp>618950B4</tstamp>
    </comp>
    <comp ref="D2">
      <value>BZX84Cxx</value>
      <footprint>Diode_SMD:D_SOT-23_ANK</footprint>
      <datasheet>https://diotec.com/tl_files/diotec/files/pdf/datasheets/bzx84c2v4.pdf</datasheet>
      <libsource lib="Diode" part="BZX84Cxx" description="300mW Zener Diode, SOT-23"/>
      <sheetpath names="/" tstamps="/"/>
      <tstamp>618CAD45</tstamp>
    </comp>
    <comp ref="D1">
      <value>D_Schottky</value>
      <footprint>Diode_SMD:D_SOD-523</footprint>
      <datasheet>~</datasheet>
      <libsource lib="Device" part="D_Schottky" description="Schottky diode"/>
      <sheetpath names="/" tstamps="/"/>
      <tstamp>618CD16A</tstamp>
    </comp>
    <comp ref="F1">
      <value>Fuse</value>
      <footprint>Fuse:Fuse_0603_1608Metric</footprint>
      <datasheet>~</datasheet>
      <libsource lib="Device" part="Fuse" description="Fuse"/>
      <sheetpath names="/" tstamps="/"/>
      <tstamp>619035FC</tstamp>
    </comp>
    <comp ref="H1">
      <value>MountingHole_Pad</value>
      <footprint>MountingHole:MountingHole_2.2mm_M2_DIN965_Pad</footprint>
      <datasheet>~</datasheet>
      <libsource lib="Mechanical" part="MountingHole_Pad" description="Mounting Hole with connection"/>
      <sheetpath names="/" tstamps="/"/>
      <tstamp>619095A3</tstamp>
    </comp>
    <comp ref="H2">
      <value>MountingHole_Pad</value>
      <footprint>MountingHole:MountingHole_2.2mm_M2_DIN965_Pad</footprint>
      <datasheet>~</datasheet>
      <libsource lib="Mechanical" part="MountingHole_Pad" description="Mounting Hole with connection"/>
      <sheetpath names="/" tstamps="/"/>
      <tstamp>619364CD</tstamp>
    </comp>
  </components>
  <libparts>
    <libpart lib="Connector" part="Conn_01x02_Male">
      <description>Generic connector, single row, 01x02, script generated (kicad-library-utils/schlib/autogen/connector/)</description>
      <docs>~</docs>
      <footprints>
        <fp>Connector*:*_1x??_*</fp>
      </footprints>
      <fields>
        <field name="Reference">J</field>
        <field name="Value">Conn_01x02_Male</field>
      </fields>
      <pins>
        <pin num="1" name="Pin_1" type="passive"/>
        <pin num="2" name="Pin_2" type="passive"/>
      </pins>
    </libpart>
    <libpart lib="Connector" part="Conn_01x03_Male">
      <description>Generic connector, single row, 01x03, script generated (kicad-library-utils/schlib/autogen/connector/)</description>
      <docs>~</docs>
      <footprints>
        <fp>Connector*:*_1x??_*</fp>
      </footprints>
      <fields>
        <field name="Reference">J</field>
        <field name="Value">Conn_01x03_Male</field>
      </fields>
      <pins>
        <pin num="1" name="Pin_1" type="passive"/>
        <pin num="2" name="Pin_2" type="passive"/>
        <pin num="3" name="Pin_3" type="passive"/>
      </pins>
    </libpart>
    <libpart lib="Connector" part="Conn_01x04_Male">
      <description>Generic connector, single row, 01x04, script generated (kicad-library-utils/schlib/autogen/connector/)</description>
      <docs>~</docs>
      <footprints>
        <fp>Connector*:*_1x??_*</fp>
      </footprints>
      <fields>
        <field name="Reference">J</field>
        <field name="Value">Conn_01x04_Male</field>
      </fields>
      <pins>
        <pin num="1" name="Pin_1" type="passive"/>
        <pin num="2" name="Pin_2" type="passive"/>
        <pin num="3" name="Pin_3" type="passive"/>
        <pin num="4" name="Pin_4" type="passive"/>
      </pins>
    </libpart>
    <libpart lib="Connector_Generic" part="Conn_02x05_Odd_Even">
      <description>Generic connector, double row, 02x05, odd/even pin numbering scheme (row 1 odd numbers, row 2 even numbers), script generated (kicad-library-utils/schlib/autogen/connector/)</description>
      <docs>~</docs>
      <footprints>
        <fp>Connector*:*_2x??_*</fp>
      </footprints>
      <fields>
        <field name="Reference">J</field>
        <field name="Value">Conn_02x05_Odd_Even</field>
      </fields>
      <pins>
        <pin num="1" name="Pin_1" type="passive"/>
        <pin num="2" name="Pin_2" type="passive"/>
        <pin num="3" name="Pin_3" type="passive"/>
        <pin num="4" name="Pin_4" type="passive"/>
        <pin num="5" name="Pin_5" type="passive"/>
        <pin num="6" name="Pin_6" type="passive"/>
        <pin num="7" name="Pin_7" type="passive"/>
        <pin num="8" name="Pin_8" type="passive"/>
        <pin num="9" name="Pin_9" type="passive"/>
        <pin num="10" name="Pin_10" type="passive"/>
      </pins>
    </libpart>
    <libpart lib="Device" part="C">
      <description>Unpolarized capacitor</description>
      <docs>~</docs>
      <footprints>
        <fp>C_*</fp>
      </footprints>
      <fields>
        <field name="Reference">C</field>
        <field name="Value">C</field>
      </fields>
      <pins>
        <pin num="1" name="~" type="passive"/>
        <pin num="2" name="~" type="passive"/>
      </pins>
    </libpart>
    <libpart lib="Device" part="CP">
      <description>Polarized capacitor</description>
      <docs>~</docs>
      <footprints>
        <fp>CP_*</fp>
      </footprints>
      <fields>
        <field name="Reference">C</field>
        <field name="Value">CP</field>
      </fields>
      <pins>
        <pin num="1" name="~" type="passive"/>
        <pin num="2" name="~" type="passive"/>
      </pins>
    </libpart>
    <libpart lib="Device" part="D_Schottky">
      <description>Schottky diode</description>
      <docs>~</docs>
      <footprints>
        <fp>TO-???*</fp>
        <fp>*_Diode_*</fp>
        <fp>*SingleDiode*</fp>
        <fp>D_*</fp>
      </footprints>
      <fields>
        <field name="Reference">D</field>
        <field name="Value">D_Schottky</field>
      </fields>
      <pins>
        <pin num="1" name="K" type="passive"/>
        <pin num="2" name="A" type="passive"/>
      </pins>
    </libpart>
    <libpart lib="Device" part="Fuse">
      <description>Fuse</description>
      <docs>~</docs>
      <footprints>
        <fp>*Fuse*</fp>
      </footprints>
      <fields>
        <field name="Reference">F</field>
        <field name="Value">Fuse</field>
      </fields>
      <pins>
        <pin num="1" name="~" type="passive"/>
        <pin num="2" name="~" type="passive"/>
      </pins>
    </libpart>
    <libpart lib="Device" part="R">
      <description>Resistor</description>
      <docs>~</docs>
      <footprints>
        <fp>R_*</fp>
      </footprints>
      <fields>
        <field name="Reference">R</field>
        <field name="Value">R</field>
      </fields>
      <pins>
        <pin num="1" name="~" type="passive"/>
        <pin num="2" name="~" type="passive"/>
      </pins>
    </libpart>
    <libpart lib="Diode" part="BZX84Cxx">
      <description>300mW Zener Diode, SOT-23</description>
      <docs>https://diotec.com/tl_files/diotec/files/pdf/datasheets/bzx84c2v4.pdf</docs>
      <footprints>
        <fp>D*SOT?23*ANK*</fp>
      </footprints>
      <fields>
        <field name="Reference">D</field>
        <field name="Value">BZX84Cxx</field>
        <field name="Footprint">Diode_SMD:D_SOT-23_ANK</field>
      </fields>
      <pins>
        <pin num="1" name="K" type="passive"/>
        <pin num="2" name="A" type="passive"/>
      </pins>
    </libpart>
    <libpart lib="MCU_ST_STM32L0" part="STM32L051K6Tx">
      <aliases>
        <alias>STM32L051K8Tx</alias>
      </aliases>
      <description>ARM Cortex-M0+ MCU, 32KB flash, 8KB RAM, 32MHz, 1.65-3.6V, 25 GPIO, LQFP-32</description>
      <docs>http://www.st.com/st-web-ui/static/active/en/resource/technical/document/datasheet/DM00108219.pdf</docs>
      <footprints>
        <fp>LQFP*7x7mm*P0.8mm*</fp>
      </footprints>
      <fields>
        <field name="Reference">U</field>
        <field name="Value">STM32L051K6Tx</field>
        <field name="Footprint">Package_QFP:LQFP-32_7x7mm_P0.8mm</field>
      </fields>
      <pins>
        <pin num="1" name="VDD" type="power_in"/>
        <pin num="2" name="PC14" type="BiDi"/>
        <pin num="3" name="PC15" type="BiDi"/>
        <pin num="4" name="NRST" type="input"/>
        <pin num="5" name="VDDA" type="power_in"/>
        <pin num="6" name="PA0" type="BiDi"/>
        <pin num="7" name="PA1" type="BiDi"/>
        <pin num="8" name="PA2" type="BiDi"/>
        <pin num="9" name="PA3" type="BiDi"/>
        <pin num="10" name="PA4" type="BiDi"/>
        <pin num="11" name="PA5" type="BiDi"/>
        <pin num="12" name="PA6" type="BiDi"/>
        <pin num="13" name="PA7" type="BiDi"/>
        <pin num="14" name="PB0" type="BiDi"/>
        <pin num="15" name="PB1" type="BiDi"/>
        <pin num="16" name="VSS" type="power_in"/>
        <pin num="17" name="VDD" type="power_in"/>
        <pin num="18" name="PA8" type="BiDi"/>
        <pin num="19" name="PA9" type="BiDi"/>
        <pin num="20" name="PA10" type="BiDi"/>
        <pin num="21" name="PA11" type="BiDi"/>
        <pin num="22" name="PA12" type="BiDi"/>
        <pin num="23" name="PA13" type="BiDi"/>
        <pin num="24" name="PA14" type="BiDi"/>
        <pin num="25" name="PA15" type="BiDi"/>
        <pin num="26" name="PB3" type="BiDi"/>
        <pin num="27" name="PB4" type="BiDi"/>
        <pin num="28" name="PB5" type="BiDi"/>
        <pin num="29" name="PB6" type="BiDi"/>
        <pin num="30" name="PB7" type="BiDi"/>
        <pin num="31" name="BOOT0" type="input"/>
        <pin num="32" name="VSS" type="power_in"/>
      </pins>
    </libpart>
    <libpart lib="Mechanical" part="MountingHole_Pad">
      <description>Mounting Hole with connection</description>
      <docs>~</docs>
      <footprints>
        <fp>MountingHole*Pad*</fp>
      </footprints>
      <fields>
        <field name="Reference">H</field>
        <field name="Value">MountingHole_Pad</field>
      </fields>
      <pins>
        <pin num="1" name="1" type="input"/>
      </pins>
    </libpart>
    <libpart lib="RF_Module" part="RFM95W-868S2">
      <aliases>
        <alias>RFM95W-915S2</alias>
        <alias>RFM96W-315S2</alias>
        <alias>RFM96W-433S2</alias>
        <alias>RFM97W-868S2</alias>
        <alias>RFM97W-915S2</alias>
        <alias>RFM98W-315S2</alias>
        <alias>RFM98W-433S2</alias>
        <alias>RFM69HCW</alias>
      </aliases>
      <description>Low power long range transceiver module, SPI and parallel interface, 868 MHz, spreading factor 6 to12, bandwith 7.8 to 500kHz, -111 to -148 dBm, SMD-16, DIP-16</description>
      <docs>https://www.hoperf.com/data/upload/portal/20181127/5bfcbea20e9ef.pdf</docs>
      <footprints>
        <fp>HOPERF*RFM9XW*</fp>
      </footprints>
      <fields>
        <field name="Reference">U</field>
        <field name="Value">RFM95W-868S2</field>
      </fields>
      <pins>
        <pin num="1" name="GND" type="power_in"/>
        <pin num="2" name="MISO" type="output"/>
        <pin num="3" name="MOSI" type="input"/>
        <pin num="4" name="SCK" type="input"/>
        <pin num="5" name="NSS" type="input"/>
        <pin num="6" name="RESET" type="BiDi"/>
        <pin num="7" name="DIO5" type="BiDi"/>
        <pin num="8" name="GND" type="power_in"/>
        <pin num="9" name="ANT" type="BiDi"/>
        <pin num="10" name="GND" type="power_in"/>
        <pin num="11" name="DIO3" type="BiDi"/>
        <pin num="12" name="DIO4" type="BiDi"/>
        <pin num="13" name="3.3V" type="power_in"/>
        <pin num="14" name="DIO0" type="BiDi"/>
        <pin num="15" name="DIO1" type="BiDi"/>
        <pin num="16" name="DIO2" type="BiDi"/>
      </pins>
    </libpart>
  </libparts>
  <libraries>
    <library logical="Connector">
      <uri>C:\Program Files\KiCad\share\kicad\library/Connector.lib</uri>
    </library>
    <library logical="Connector_Generic">
      <uri>C:\Program Files\KiCad\share\kicad\library/Connector_Generic.lib</uri>
    </library>
    <library logical="Device">
      <uri>C:\Program Files\KiCad\share\kicad\library/Device.lib</uri>
    </library>
    <library logical="Diode">
      <uri>C:\Program Files\KiCad\share\kicad\library/Diode.lib</uri>
    </library>
    <library logical="MCU_ST_STM32L0">
      <uri>C:\Program Files\KiCad\share\kicad\library/MCU_ST_STM32L0.lib</uri>
    </library>
    <library logical="Mechanical">
      <uri>C:\Program Files\KiCad\share\kicad\library/Mechanical.lib</uri>
    </library>
    <library logical="RF_Module">
      <uri>C:\Program Files\KiCad\share\kicad\library/RF_Module.lib</uri>
    </library>
  </libraries>
  <nets>
    <net code="1" name="+3V3">
      <node ref="D2" pin="1"/>
      <node ref="D1" pin="1"/>
      <node ref="C8" pin="2"/>
      <node ref="J4" pin="1"/>
      <node ref="R3" pin="1"/>
      <node ref="C7" pin="2"/>
      <node ref="R2" pin="1"/>
      <node ref="C3" pin="1"/>
      <node ref="C4" pin="1"/>
      <node ref="C5" pin="1"/>
      <node ref="U1" pin="1"/>
      <node ref="U1" pin="17"/>
      <node ref="U1" pin="5"/>
      <node ref="C2" pin="1"/>
      <node ref="U2" pin="13"/>
      <node ref="C6" pin="1"/>
    </net>
    <net code="2" name="GND">
      <node ref="C5" pin="2"/>
      <node ref="C4" pin="2"/>
      <node ref="C3" pin="2"/>
      <node ref="U2" pin="8"/>
      <node ref="U1" pin="32"/>
      <node ref="J5" pin="2"/>
      <node ref="U1" pin="16"/>
      <node ref="C6" pin="2"/>
      <node ref="C2" pin="2"/>
      <node ref="R1" pin="2"/>
      <node ref="C1" pin="2"/>
      <node ref="J4" pin="5"/>
      <node ref="C7" pin="1"/>
      <node ref="J4" pin="9"/>
      <node ref="J4" pin="3"/>
      <node ref="J1" pin="2"/>
      <node ref="C8" pin="1"/>
      <node ref="J2" pin="2"/>
      <node ref="U2" pin="1"/>
      <node ref="H2" pin="1"/>
      <node ref="J3" pin="1"/>
      <node ref="H1" pin="1"/>
      <node ref="U2" pin="10"/>
      <node ref="D2" pin="2"/>
    </net>
    <net code="3" name="Net-(J5-Pad1)">
      <node ref="U2" pin="9"/>
      <node ref="J5" pin="1"/>
    </net>
    <net code="4" name="Net-(U2-Pad7)">
      <node ref="U2" pin="7"/>
    </net>
    <net code="5" name="Net-(U2-Pad16)">
      <node ref="U2" pin="16"/>
    </net>
    <net code="6" name="Net-(U2-Pad15)">
      <node ref="U2" pin="15"/>
    </net>
    <net code="7" name="Net-(U2-Pad12)">
      <node ref="U2" pin="12"/>
    </net>
    <net code="8" name="Net-(U2-Pad11)">
      <node ref="U2" pin="11"/>
    </net>
    <net code="9" name="Net-(J4-Pad6)">
      <node ref="J4" pin="6"/>
    </net>
    <net code="10" name="RST">
      <node ref="C1" pin="1"/>
      <node ref="U1" pin="4"/>
      <node ref="J4" pin="10"/>
      <node ref="J3" pin="4"/>
    </net>
    <net code="11" name="PA10">
      <node ref="J3" pin="3"/>
      <node ref="U1" pin="20"/>
      <node ref="J4" pin="8"/>
    </net>
    <net code="12" name="PA14">
      <node ref="U1" pin="24"/>
      <node ref="J4" pin="4"/>
    </net>
    <net code="13" name="PA9">
      <node ref="J3" pin="2"/>
      <node ref="U1" pin="19"/>
      <node ref="J4" pin="7"/>
    </net>
    <net code="14" name="VIN">
      <node ref="J1" pin="1"/>
      <node ref="J2" pin="1"/>
      <node ref="F1" pin="2"/>
    </net>
    <net code="15" name="Net-(D1-Pad2)">
      <node ref="D1" pin="2"/>
      <node ref="F1" pin="1"/>
    </net>
    <net code="16" name="Net-(U1-Pad21)">
      <node ref="U1" pin="21"/>
    </net>
    <net code="17" name="Net-(U1-Pad22)">
      <node ref="U1" pin="22"/>
    </net>
    <net code="18" name="Net-(U1-Pad25)">
      <node ref="U1" pin="25"/>
    </net>
    <net code="19" name="Net-(U1-Pad30)">
      <node ref="U1" pin="30"/>
    </net>
    <net code="20" name="Net-(U1-Pad29)">
      <node ref="U1" pin="29"/>
    </net>
    <net code="21" name="Net-(U1-Pad28)">
      <node ref="U1" pin="28"/>
    </net>
    <net code="22" name="Net-(U1-Pad3)">
      <node ref="U1" pin="3"/>
    </net>
    <net code="23" name="Net-(U1-Pad2)">
      <node ref="U1" pin="2"/>
    </net>
    <net code="24" name="Net-(U1-Pad27)">
      <node ref="U1" pin="27"/>
    </net>
    <net code="25" name="Net-(U1-Pad26)">
      <node ref="U1" pin="26"/>
    </net>
    <net code="26" name="Net-(U1-Pad18)">
      <node ref="U1" pin="18"/>
    </net>
    <net code="27" name="Net-(U1-Pad9)">
      <node ref="U1" pin="9"/>
    </net>
    <net code="28" name="PA13">
      <node ref="J4" pin="2"/>
      <node ref="U1" pin="23"/>
    </net>
    <net code="29" name="PA4">
      <node ref="U1" pin="10"/>
      <node ref="U2" pin="14"/>
    </net>
    <net code="30" name="PA5">
      <node ref="U2" pin="4"/>
      <node ref="U1" pin="11"/>
    </net>
    <net code="31" name="PA6">
      <node ref="U2" pin="2"/>
      <node ref="U1" pin="12"/>
    </net>
    <net code="32" name="PA7">
      <node ref="U1" pin="13"/>
      <node ref="U2" pin="3"/>
    </net>
    <net code="33" name="Net-(U1-Pad8)">
      <node ref="U1" pin="8"/>
    </net>
    <net code="34" name="Net-(U1-Pad7)">
      <node ref="U1" pin="7"/>
    </net>
    <net code="35" name="PB1">
      <node ref="U2" pin="6"/>
      <node ref="U1" pin="15"/>
      <node ref="R3" pin="2"/>
    </net>
    <net code="36" name="PB0">
      <node ref="U1" pin="14"/>
      <node ref="U2" pin="5"/>
      <node ref="R2" pin="2"/>
    </net>
    <net code="37" name="BOOT0">
      <node ref="U1" pin="31"/>
      <node ref="R1" pin="1"/>
    </net>
    <net code="38" name="PA0">
      <node ref="J1" pin="3"/>
      <node ref="J2" pin="3"/>
      <node ref="U1" pin="6"/>
    </net>
  </nets>
</export>
