Id,Designator,Package,Quantity,Designation,Supplier and ref
1,C6,C_0603_1608Metric,1,1uF,
2,C1;C4;C3,C_0603_1608Metric,3,100nF,
3,C8;C2,C_0603_1608Metric,2,100n,
4,J3,PinHeader_1x04_P2.54mm_Vertical,1,CONFIG,
5,J4,PinHeader_2x05_P1.27mm_Vertical_SMD,1,SWD/DEBUG_UART,
6,R2;R3,R_0603_1608Metric,2,100K,
7,U1,LQFP-32_7x7mm_P0.8mm,1,STM32L051K8Tx,
8,C5,C_0805_2012Metric,1,4.7uF,
9,C7,C_0603_1608Metric,1,10u,
10,D1,D_SOD-523,1,D_Schottky,
11,D2,D_SOT-23_ANK,1,BZX84Cxx,
12,R1,R_0603_1608Metric,1,10k,
13,U2,HOPERF_RFM9XW_SMD,1,RFM95W-915S2,
14,F1,Fuse_0603_1608Metric,1,Fuse,
15,H1;H2,MountingHole_2.2mm_M2_DIN965_Pad,2,MountingHole_Pad,
16,J5,SMA_UFL_2.5mm_Edge_Mount,1,SMU_ANT,
17,J1,TE_0-1734839-8_1x08-1MP_P0.5mm_Horizontal,1,Conn_01x08_Male,
18,J2,PinHeader_1x08_P2.54mm_Vertical,1,Conn_01x08_Male,
